Case ID;Activity;Resource;Complete Timestamp;Variant;Variant index;(case) channel;(case) department;(case) group;(case) responsible;concept:instance;concept:name;lifecycle:transition;org:group;Duration
case-10071;T11 Create document X request unlicensed-complete;Resource21;2012/01/18 09:48:33.680;Variant 8;8;Internet;General;Group 2;Resource21;task-44022;T11 Create document X request unlicensed;complete;Group 1;7760494.62
case-10071;T12 Check document X request unlicensed-complete;Resource21;2012/01/18 09:49:09.359;Variant 8;8;Internet;General;Group 2;Resource21;task-53047;T12 Check document X request unlicensed;complete;Group 4;35.679
case-10071;T14 Determine document X request unlicensed-complete;Resource21;2012/01/18 09:49:44.753;Variant 8;8;Internet;General;Group 2;Resource21;task-53049;T14 Determine document X request unlicensed;complete;Group 3;35.394
case-10071;T15 Print document X request unlicensed-complete;Resource21;2012/01/18 09:50:57.577;Variant 8;8;Internet;General;Group 2;Resource21;task-53051;T15 Print document X request unlicensed;complete;Group 2;72.824
case-10194;Confirmation of receipt-complete;admin2;2012/01/17 11:28:47.373;Variant 3;3;Internet;General;Group 5;Resource02;task-44570;Confirmation of receipt;complete;EMPTY;0.0
case-10195;Confirmation of receipt-complete;admin2;2012/01/17 11:29:39.271;Variant 3;3;Internet;General;Group 5;Resource02;task-44573;Confirmation of receipt;complete;EMPTY;0.0
case-10483;Confirmation of receipt-complete;Resource02;2012/01/09 11:31:41.636;Variant 15;15;Internet;General;Group 5;Resource02;task-46826;Confirmation of receipt;complete;EMPTY;0.0
case-10483;T02 Check confirmation of receipt-complete;Resource02;2012/01/09 11:32:15.732;Variant 15;15;Internet;General;Group 5;Resource02;task-51617;T02 Check confirmation of receipt;complete;Group 4;34.096
case-10483;T04 Determine confirmation of receipt-complete;Resource02;2012/01/09 11:32:51.848;Variant 15;15;Internet;General;Group 5;Resource02;task-51619;T04 Determine confirmation of receipt;complete;Group 3;36.116
case-10483;T05 Print and send confirmation of receipt-complete;Resource02;2012/01/09 11:33:18.309;Variant 15;15;Internet;General;Group 5;Resource02;task-51620;T05 Print and send confirmation of receipt;complete;Group 2;26.461
case-10484;Confirmation of receipt-complete;Resource02;2012/01/09 12:11:30.587;Variant 15;15;Internet;General;Group 5;Resource02;task-46860;Confirmation of receipt;complete;EMPTY;0.0
case-10484;T02 Check confirmation of receipt-complete;Resource02;2012/01/09 12:12:07.726;Variant 15;15;Internet;General;Group 5;Resource02;task-51627;T02 Check confirmation of receipt;complete;Group 4;37.139
case-10484;T04 Determine confirmation of receipt-complete;Resource02;2012/01/09 12:12:57.161;Variant 15;15;Internet;General;Group 5;Resource02;task-51629;T04 Determine confirmation of receipt;complete;Group 3;49.435
case-10484;T05 Print and send confirmation of receipt-complete;Resource02;2012/01/09 12:13:51.633;Variant 15;15;Internet;General;Group 5;Resource02;task-51630;T05 Print and send confirmation of receipt;complete;Group 2;54.472
case-10542;Confirmation of receipt-complete;Resource02;2012/01/17 11:24:14.147;Variant 15;15;Internet;General;Group 5;Resource02;task-47527;Confirmation of receipt;complete;EMPTY;0.0
case-10542;T02 Check confirmation of receipt-complete;Resource02;2012/01/17 11:24:50.099;Variant 15;15;Internet;General;Group 5;Resource02;task-52768;T02 Check confirmation of receipt;complete;Group 4;35.952
case-10542;T04 Determine confirmation of receipt-complete;Resource02;2012/01/17 11:25:40.715;Variant 15;15;Internet;General;Group 5;Resource02;task-52770;T04 Determine confirmation of receipt;complete;Group 3;50.616
case-10542;T05 Print and send confirmation of receipt-complete;Resource02;2012/01/17 11:26:47.870;Variant 15;15;Internet;General;Group 5;Resource02;task-52771;T05 Print and send confirmation of receipt;complete;Group 2;67.155
case-10551;Confirmation of receipt-complete;Resource09;2012/01/11 12:00:05.791;Variant 2;2;Internet;General;Group 5;Resource09;task-47532;Confirmation of receipt;complete;EMPTY;0.0
case-10551;T06 Determine necessity of stop advice-complete;Resource09;2012/01/11 12:00:53.694;Variant 2;2;Internet;General;Group 5;Resource09;task-51938;T06 Determine necessity of stop advice;complete;Group 1;47.903
case-10551;T10 Determine necessity to stop indication-complete;Resource09;2012/01/11 12:01:55.141;Variant 2;2;Internet;General;Group 5;Resource09;task-51939;T10 Determine necessity to stop indication;complete;Group 1;61.447
case-10551;T02 Check confirmation of receipt-complete;Resource09;2012/01/11 12:02:51.856;Variant 2;2;Internet;General;Group 5;Resource09;task-51937;T02 Check confirmation of receipt;complete;Group 4;56.715
case-10551;T04 Determine confirmation of receipt-complete;Resource09;2012/01/11 12:04:31.551;Variant 2;2;Internet;General;Group 5;Resource09;task-51941;T04 Determine confirmation of receipt;complete;Group 3;99.695
case-10551;T05 Print and send confirmation of receipt-complete;Resource09;2012/01/11 12:05:14.491;Variant 2;2;Internet;General;Group 5;Resource09;task-51942;T05 Print and send confirmation of receipt;complete;Group 2;42.94
case-10621;Confirmation of receipt-complete;Resource21;2012/01/20 13:02:41.692;Variant 1;1;Internet;General;Group 5;Resource14;task-48247;Confirmation of receipt;complete;EMPTY;0.0
case-10621;T02 Check confirmation of receipt-complete;Resource21;2012/01/20 13:03:22.343;Variant 1;1;Internet;General;Group 5;Resource14;task-53320;T02 Check confirmation of receipt;complete;Group 4;40.651
case-10621;T04 Determine confirmation of receipt-complete;Resource21;2012/01/20 13:04:42.498;Variant 1;1;Internet;General;Group 5;Resource14;task-53322;T04 Determine confirmation of receipt;complete;Group 3;80.155
case-10621;T05 Print and send confirmation of receipt-complete;Resource21;2012/01/20 13:05:14.580;Variant 1;1;Internet;General;Group 5;Resource14;task-53323;T05 Print and send confirmation of receipt;complete;Group 2;32.082
case-10621;T06 Determine necessity of stop advice-complete;Resource21;2012/01/20 13:05:47.919;Variant 1;1;Internet;General;Group 5;Resource14;task-53321;T06 Determine necessity of stop advice;complete;Group 1;33.339
case-10621;T10 Determine necessity to stop indication-complete;Resource21;2012/01/20 13:06:25.475;Variant 1;1;Internet;General;Group 5;Resource14;task-53324;T10 Determine necessity to stop indication;complete;Group 1;37.556
case-10626;Confirmation of receipt-complete;Resource02;2012/01/16 10:05:19.539;Variant 1;1;Internet;General;Group 5;Resource02;task-48507;Confirmation of receipt;complete;EMPTY;0.0
case-10626;T02 Check confirmation of receipt-complete;Resource02;2012/01/16 10:27:20.523;Variant 1;1;Internet;General;Group 5;Resource02;task-52413;T02 Check confirmation of receipt;complete;Group 4;1320.984
case-10626;T04 Determine confirmation of receipt-complete;Resource02;2012/01/16 10:35:25.190;Variant 1;1;Internet;General;Group 5;Resource02;task-52436;T04 Determine confirmation of receipt;complete;Group 3;484.667
case-10626;T05 Print and send confirmation of receipt-complete;Resource02;2012/01/16 10:37:59.698;Variant 1;1;Internet;General;Group 5;Resource02;task-52437;T05 Print and send confirmation of receipt;complete;Group 2;154.508
case-10626;T06 Determine necessity of stop advice-complete;Resource02;2012/01/16 10:39:51.238;Variant 1;1;Internet;General;Group 5;Resource02;task-52414;T06 Determine necessity of stop advice;complete;Group 1;111.54
case-10626;T10 Determine necessity to stop indication-complete;Resource02;2012/01/16 10:50:04.279;Variant 1;1;Internet;General;Group 5;Resource02;task-52438;T10 Determine necessity to stop indication;complete;Group 1;613.041
case-10636;Confirmation of receipt-complete;Resource21;2012/01/18 10:04:47.448;Variant 1;1;Internet;General;Group 2;Resource21;task-48544;Confirmation of receipt;complete;EMPTY;0.0
case-10636;T02 Check confirmation of receipt-complete;Resource21;2012/01/18 10:05:30.029;Variant 1;1;Internet;General;Group 2;Resource21;task-53056;T02 Check confirmation of receipt;complete;Group 4;42.581
case-10636;T04 Determine confirmation of receipt-complete;Resource21;2012/01/18 10:06:07.388;Variant 1;1;Internet;General;Group 2;Resource21;task-53058;T04 Determine confirmation of receipt;complete;Group 3;37.359
case-10636;T05 Print and send confirmation of receipt-complete;Resource21;2012/01/18 10:06:51.311;Variant 1;1;Internet;General;Group 2;Resource21;task-53059;T05 Print and send confirmation of receipt;complete;Group 2;43.923
case-10636;T06 Determine necessity of stop advice-complete;Resource21;2012/01/18 10:07:26.118;Variant 1;1;Internet;General;Group 2;Resource21;task-53057;T06 Determine necessity of stop advice;complete;Group 1;34.807
case-10636;T10 Determine necessity to stop indication-complete;Resource21;2012/01/18 10:08:01.844;Variant 1;1;Internet;General;Group 2;Resource21;task-53060;T10 Determine necessity to stop indication;complete;Group 1;35.726
case-10709;Confirmation of receipt-complete;Resource09;2012/01/10 13:14:31.452;Variant 4;4;Internet;General;Group 5;Resource09;task-49007;Confirmation of receipt;complete;EMPTY;0.0
case-10709;T02 Check confirmation of receipt-complete;Resource09;2012/01/10 13:15:26.688;Variant 4;4;Internet;General;Group 5;Resource09;task-51735;T02 Check confirmation of receipt;complete;Group 4;55.236
case-10709;T06 Determine necessity of stop advice-complete;Resource09;2012/01/10 13:47:41.697;Variant 4;4;Internet;General;Group 5;Resource09;task-51736;T06 Determine necessity of stop advice;complete;Group 1;1935.009
case-10709;T10 Determine necessity to stop indication-complete;Resource09;2012/01/10 14:09:25.832;Variant 4;4;Internet;General;Group 5;Resource09;task-51762;T10 Determine necessity to stop indication;complete;Group 1;1304.135
case-10709;T04 Determine confirmation of receipt-complete;Resource09;2012/01/10 14:11:40.999;Variant 4;4;Internet;General;Group 5;Resource09;task-51737;T04 Determine confirmation of receipt;complete;Group 3;135.167
case-10709;T05 Print and send confirmation of receipt-complete;Resource09;2012/01/10 14:12:14.059;Variant 4;4;Internet;General;Group 5;Resource09;task-51776;T05 Print and send confirmation of receipt;complete;Group 2;33.06
case-10788;Confirmation of receipt-complete;Resource14;2012/01/12 15:13:12.379;Variant 1;1;Internet;General;Group 5;Resource14;task-49448;Confirmation of receipt;complete;Group 1;0.0
case-10788;T02 Check confirmation of receipt-complete;Resource14;2012/01/12 15:13:56.588;Variant 1;1;Internet;General;Group 5;Resource14;task-52177;T02 Check confirmation of receipt;complete;Group 4;44.209
case-10788;T04 Determine confirmation of receipt-complete;Resource14;2012/01/12 15:14:33.885;Variant 1;1;Internet;General;Group 5;Resource14;task-52179;T04 Determine confirmation of receipt;complete;Group 3;37.297
case-10788;T05 Print and send confirmation of receipt-complete;Resource14;2012/01/12 15:16:01.964;Variant 1;1;Internet;General;Group 5;Resource14;task-52180;T05 Print and send confirmation of receipt;complete;Group 2;88.079
case-10788;T06 Determine necessity of stop advice-complete;Resource14;2012/01/12 15:17:05.134;Variant 1;1;Internet;General;Group 5;Resource14;task-52178;T06 Determine necessity of stop advice;complete;Group 1;63.17
case-10788;T10 Determine necessity to stop indication-complete;Resource14;2012/01/12 15:18:11.016;Variant 1;1;Internet;General;Group 5;Resource14;task-52181;T10 Determine necessity to stop indication;complete;Group 1;65.882
case-10810;Confirmation of receipt-complete;Resource06;2012/01/12 15:56:12.766;Variant 1;1;Internet;General;Group 5;Resource06;task-49664;Confirmation of receipt;complete;EMPTY;0.0
case-10810;T02 Check confirmation of receipt-complete;Resource06;2012/01/12 16:07:45.635;Variant 1;1;Internet;General;Group 5;Resource06;task-52201;T02 Check confirmation of receipt;complete;Group 4;692.869
case-10810;T04 Determine confirmation of receipt-complete;Resource06;2012/01/12 16:08:24.037;Variant 1;1;Internet;General;Group 5;Resource06;task-52217;T04 Determine confirmation of receipt;complete;Group 3;38.402
case-10810;T05 Print and send confirmation of receipt-complete;Resource06;2012/01/12 16:09:31.229;Variant 1;1;Internet;General;Group 5;Resource06;task-52218;T05 Print and send confirmation of receipt;complete;Group 2;67.192
case-10810;T06 Determine necessity of stop advice-complete;Resource06;2012/01/12 16:10:05.481;Variant 1;1;Internet;General;Group 5;Resource06;task-52202;T06 Determine necessity of stop advice;complete;Group 1;34.252
case-10810;T10 Determine necessity to stop indication-complete;Resource06;2012/01/12 16:11:11.427;Variant 1;1;Internet;General;Group 5;Resource06;task-52219;T10 Determine necessity to stop indication;complete;Group 1;65.946
case-10838;Confirmation of receipt-complete;Resource04;2012/01/03 12:51:49.190;Variant 1;1;Internet;General;Group 5;Resource04;task-49838;Confirmation of receipt;complete;EMPTY;0.0
case-10838;T02 Check confirmation of receipt-complete;Resource04;2012/01/03 12:52:18.360;Variant 1;1;Internet;General;Group 5;Resource04;task-51106;T02 Check confirmation of receipt;complete;Group 4;29.17
case-10838;T04 Determine confirmation of receipt-complete;Resource04;2012/01/03 12:53:19.645;Variant 1;1;Internet;General;Group 5;Resource04;task-51108;T04 Determine confirmation of receipt;complete;Group 3;61.285
case-10838;T05 Print and send confirmation of receipt-complete;Resource04;2012/01/03 12:53:44.316;Variant 1;1;Internet;General;Group 5;Resource04;task-51110;T05 Print and send confirmation of receipt;complete;Group 2;24.671
case-10838;T06 Determine necessity of stop advice-complete;Resource04;2012/01/04 08:57:57.196;Variant 1;1;Internet;General;Group 5;Resource04;task-51107;T06 Determine necessity of stop advice;complete;Group 1;72252.88
case-10838;T10 Determine necessity to stop indication-complete;Resource04;2012/01/04 08:58:41.444;Variant 1;1;Internet;General;Group 5;Resource04;task-51148;T10 Determine necessity to stop indication;complete;Group 1;44.248
case-10853;Confirmation of receipt-complete;Resource20;2012/01/06 16:54:34.620;Variant 1;1;Internet;General;Group 2;Resource20;task-49898;Confirmation of receipt;complete;EMPTY;0.0
case-10853;T02 Check confirmation of receipt-complete;Resource20;2012/01/06 16:55:03.629;Variant 1;1;Internet;General;Group 2;Resource20;task-51530;T02 Check confirmation of receipt;complete;Group 4;29.009
case-10853;T04 Determine confirmation of receipt-complete;Resource20;2012/01/06 16:55:29.771;Variant 1;1;Internet;General;Group 2;Resource20;task-51532;T04 Determine confirmation of receipt;complete;Group 3;26.142
case-10853;T05 Print and send confirmation of receipt-complete;Resource20;2012/01/06 16:55:55.212;Variant 1;1;Internet;General;Group 2;Resource20;task-51533;T05 Print and send confirmation of receipt;complete;Group 2;25.441
case-10853;T06 Determine necessity of stop advice-complete;Resource20;2012/01/09 09:03:39.027;Variant 1;1;Internet;General;Group 2;Resource20;task-51531;T06 Determine necessity of stop advice;complete;Group 1;230863.815
case-10853;T10 Determine necessity to stop indication-complete;Resource20;2012/01/09 09:04:19.401;Variant 1;1;Internet;General;Group 2;Resource20;task-51588;T10 Determine necessity to stop indication;complete;Group 1;40.374
case-10854;Confirmation of receipt-complete;Resource20;2012/01/06 16:57:48.131;Variant 1;1;Internet;General;Group 2;Resource20;task-49907;Confirmation of receipt;complete;EMPTY;0.0
case-10854;T02 Check confirmation of receipt-complete;Resource20;2012/01/06 16:58:14.608;Variant 1;1;Internet;General;Group 2;Resource20;task-51534;T02 Check confirmation of receipt;complete;Group 4;26.477
case-10854;T04 Determine confirmation of receipt-complete;Resource20;2012/01/06 16:58:37.766;Variant 1;1;Internet;General;Group 2;Resource20;task-51536;T04 Determine confirmation of receipt;complete;Group 3;23.158
case-10854;T05 Print and send confirmation of receipt-complete;Resource20;2012/01/06 16:59:02.444;Variant 1;1;Internet;General;Group 2;Resource20;task-51537;T05 Print and send confirmation of receipt;complete;Group 2;24.678
case-10854;T06 Determine necessity of stop advice-complete;Resource20;2012/01/09 09:10:58.906;Variant 1;1;Internet;General;Group 2;Resource20;task-51535;T06 Determine necessity of stop advice;complete;Group 1;231116.462
case-10854;T10 Determine necessity to stop indication-complete;Resource20;2012/01/09 09:11:58.715;Variant 1;1;Internet;General;Group 2;Resource20;task-51592;T10 Determine necessity to stop indication;complete;Group 1;59.809
case-10855;Confirmation of receipt-complete;Resource20;2012/01/06 17:01:10.603;Variant 1;1;Internet;General;Group 2;Resource20;task-49914;Confirmation of receipt;complete;EMPTY;0.0
case-10855;T02 Check confirmation of receipt-complete;Resource20;2012/01/06 17:01:38.601;Variant 1;1;Internet;General;Group 2;Resource20;task-51538;T02 Check confirmation of receipt;complete;Group 4;27.998
case-10855;T04 Determine confirmation of receipt-complete;Resource20;2012/01/06 17:02:16.472;Variant 1;1;Internet;General;Group 2;Resource20;task-51540;T04 Determine confirmation of receipt;complete;Group 3;37.871
case-10855;T05 Print and send confirmation of receipt-complete;Resource20;2012/01/06 17:02:44.551;Variant 1;1;Internet;General;Group 2;Resource20;task-51541;T05 Print and send confirmation of receipt;complete;Group 2;28.079
case-10855;T06 Determine necessity of stop advice-complete;Resource20;2012/01/09 09:13:55.440;Variant 1;1;Internet;General;Group 2;Resource20;task-51539;T06 Determine necessity of stop advice;complete;Group 1;231070.889
case-10855;T10 Determine necessity to stop indication-complete;Resource20;2012/01/09 09:14:25.478;Variant 1;1;Internet;General;Group 2;Resource20;task-51596;T10 Determine necessity to stop indication;complete;Group 1;30.038
case-10856;Confirmation of receipt-complete;Resource20;2012/01/06 17:06:05.709;Variant 1;1;Internet;General;Group 2;Resource20;task-49938;Confirmation of receipt;complete;EMPTY;0.0
case-10856;T02 Check confirmation of receipt-complete;Resource20;2012/01/06 17:06:35.887;Variant 1;1;Internet;General;Group 2;Resource20;task-51542;T02 Check confirmation of receipt;complete;Group 4;30.178
case-10856;T04 Determine confirmation of receipt-complete;Resource20;2012/01/06 17:07:13.824;Variant 1;1;Internet;General;Group 2;Resource20;task-51544;T04 Determine confirmation of receipt;complete;Group 3;37.937
case-10856;T05 Print and send confirmation of receipt-complete;Resource20;2012/01/06 17:07:34.752;Variant 1;1;Internet;General;Group 2;Resource20;task-51545;T05 Print and send confirmation of receipt;complete;Group 2;20.928
case-10856;T06 Determine necessity of stop advice-complete;Resource20;2012/01/09 09:57:11.425;Variant 1;1;Internet;General;Group 2;Resource20;task-51543;T06 Determine necessity of stop advice;complete;Group 1;233376.673
case-10856;T10 Determine necessity to stop indication-complete;Resource20;2012/01/09 09:57:58.055;Variant 1;1;Internet;General;Group 2;Resource20;task-51601;T10 Determine necessity to stop indication;complete;Group 1;46.63
case-10857;Confirmation of receipt-complete;Resource13;2012/01/04 19:36:09.258;Variant 29;29;Internet;General;Group 5;Resource13;task-49946;Confirmation of receipt;complete;EMPTY;0.0
case-10857;T06 Determine necessity of stop advice-complete;Resource13;2012/01/04 19:37:33.931;Variant 29;29;Internet;General;Group 5;Resource13;task-51231;T06 Determine necessity of stop advice;complete;Group 1;84.673
case-10857;T10 Determine necessity to stop indication-complete;Resource13;2012/01/04 19:53:52.494;Variant 29;29;Internet;General;Group 5;Resource13;task-51232;T10 Determine necessity to stop indication;complete;Group 1;978.563
case-10857;T16 Report reasons to hold request-complete;Resource13;2012/01/04 19:54:44.634;Variant 29;29;Internet;General;Group 5;Resource13;task-51233;T16 Report reasons to hold request;complete;Group 1;52.14
case-10857;T17 Check report Y to stop indication-complete;Resource13;2012/01/04 19:55:41.647;Variant 29;29;Internet;General;Group 5;Resource13;task-51234;T17 Check report Y to stop indication;complete;EMPTY;57.013
case-10857;T19 Determine report Y to stop indication-complete;Resource13;2012/01/04 19:56:18.050;Variant 29;29;Internet;General;Group 5;Resource13;task-51235;T19 Determine report Y to stop indication;complete;EMPTY;36.403
case-10857;T20 Print report Y to stop indication-complete;Resource13;2012/01/04 19:56:54.192;Variant 29;29;Internet;General;Group 5;Resource13;task-51236;T20 Print report Y to stop indication;complete;Group 2;36.142
case-10857;T02 Check confirmation of receipt-complete;Resource13;2012/01/05 08:19:19.141;Variant 29;29;Internet;General;Group 5;Resource13;task-51230;T02 Check confirmation of receipt;complete;EMPTY;44544.949
case-10857;T04 Determine confirmation of receipt-complete;Resource13;2012/01/05 12:47:06.479;Variant 29;29;Internet;General;Group 5;Resource13;task-51250;T04 Determine confirmation of receipt;complete;EMPTY;16067.338
case-10857;T05 Print and send confirmation of receipt-complete;Resource13;2012/01/05 12:47:44.454;Variant 29;29;Internet;General;Group 5;Resource13;task-51359;T05 Print and send confirmation of receipt;complete;EMPTY;37.975
case-10858;Confirmation of receipt-complete;Resource20;2012/01/06 17:09:08.572;Variant 1;1;Internet;General;Group 2;Resource20;task-49950;Confirmation of receipt;complete;EMPTY;0.0
case-10858;T02 Check confirmation of receipt-complete;Resource20;2012/01/06 17:09:34.549;Variant 1;1;Internet;General;Group 2;Resource20;task-51546;T02 Check confirmation of receipt;complete;Group 4;25.977
case-10858;T04 Determine confirmation of receipt-complete;Resource20;2012/01/06 17:10:02.415;Variant 1;1;Internet;General;Group 2;Resource20;task-51548;T04 Determine confirmation of receipt;complete;Group 3;27.866
case-10858;T05 Print and send confirmation of receipt-complete;Resource20;2012/01/06 17:10:25.423;Variant 1;1;Internet;General;Group 2;Resource20;task-51549;T05 Print and send confirmation of receipt;complete;Group 2;23.008
case-10858;T06 Determine necessity of stop advice-complete;Resource20;2012/01/09 09:59:39.010;Variant 1;1;Internet;General;Group 2;Resource20;task-51547;T06 Determine necessity of stop advice;complete;Group 1;233353.587
case-10858;T10 Determine necessity to stop indication-complete;Resource20;2012/01/09 10:00:18.393;Variant 1;1;Internet;General;Group 2;Resource20;task-51605;T10 Determine necessity to stop indication;complete;Group 1;39.383
case-10861;Confirmation of receipt-complete;Resource20;2012/01/06 17:15:03.958;Variant 1;1;Internet;General;Group 2;Resource20;task-49951;Confirmation of receipt;complete;EMPTY;0.0
case-10861;T02 Check confirmation of receipt-complete;Resource20;2012/01/06 17:15:31.581;Variant 1;1;Internet;General;Group 2;Resource20;task-51554;T02 Check confirmation of receipt;complete;Group 4;27.623
case-10861;T04 Determine confirmation of receipt-complete;Resource20;2012/01/06 17:15:58.425;Variant 1;1;Internet;General;Group 2;Resource20;task-51556;T04 Determine confirmation of receipt;complete;Group 3;26.844
case-10861;T05 Print and send confirmation of receipt-complete;Resource20;2012/01/06 17:16:21.170;Variant 1;1;Internet;General;Group 2;Resource20;task-51557;T05 Print and send confirmation of receipt;complete;Group 2;22.745
case-10861;T06 Determine necessity of stop advice-complete;Resource20;2012/01/09 10:13:58.004;Variant 1;1;Internet;General;Group 2;Resource20;task-51555;T06 Determine necessity of stop advice;complete;Group 1;233856.834
case-10861;T10 Determine necessity to stop indication-complete;Resource20;2012/01/09 10:14:27.715;Variant 1;1;Internet;General;Group 2;Resource20;task-51614;T10 Determine necessity to stop indication;complete;Group 1;29.711
case-10863;Confirmation of receipt-complete;Resource20;2012/01/06 17:12:33.877;Variant 1;1;Internet;General;Group 2;Resource20;task-49982;Confirmation of receipt;complete;Group 1;0.0
case-10863;T02 Check confirmation of receipt-complete;Resource20;2012/01/06 17:13:03.650;Variant 1;1;Internet;General;Group 2;Resource20;task-51550;T02 Check confirmation of receipt;complete;Group 4;29.773
case-10863;T04 Determine confirmation of receipt-complete;Resource20;2012/01/06 17:13:26.748;Variant 1;1;Internet;General;Group 2;Resource20;task-51552;T04 Determine confirmation of receipt;complete;Group 3;23.098
case-10863;T05 Print and send confirmation of receipt-complete;Resource20;2012/01/06 17:13:47.123;Variant 1;1;Internet;General;Group 2;Resource20;task-51553;T05 Print and send confirmation of receipt;complete;Group 2;20.375
case-10863;T06 Determine necessity of stop advice-complete;Resource20;2012/01/09 10:01:58.448;Variant 1;1;Internet;General;Group 2;Resource20;task-51551;T06 Determine necessity of stop advice;complete;Group 1;233291.325
case-10863;T10 Determine necessity to stop indication-complete;Resource20;2012/01/09 10:02:31.647;Variant 1;1;Internet;General;Group 2;Resource20;task-51609;T10 Determine necessity to stop indication;complete;Group 1;33.199
case-10864;T02 Check confirmation of receipt-complete;Resource14;2012/01/12 15:42:20.138;Variant 1;1;Internet;General;Group 5;Resource14;task-50077;T02 Check confirmation of receipt;complete;Group 4;2345655.955
case-10864;T04 Determine confirmation of receipt-complete;Resource14;2012/01/12 15:46:21.518;Variant 1;1;Internet;General;Group 5;Resource14;task-52190;T04 Determine confirmation of receipt;complete;Group 3;241.38
case-10864;T05 Print and send confirmation of receipt-complete;Resource14;2012/01/12 15:47:07.049;Variant 1;1;Internet;General;Group 5;Resource14;task-52191;T05 Print and send confirmation of receipt;complete;Group 2;45.531
case-10864;T06 Determine necessity of stop advice-complete;Resource14;2012/01/12 15:47:44.589;Variant 1;1;Internet;General;Group 5;Resource14;task-50078;T06 Determine necessity of stop advice;complete;Group 1;37.54
case-10864;T10 Determine necessity to stop indication-complete;Resource14;2012/01/12 15:48:18.252;Variant 1;1;Internet;General;Group 5;Resource14;task-52192;T10 Determine necessity to stop indication;complete;Group 1;33.663
case-10890;Confirmation of receipt-complete;Resource18;2012/01/10 15:22:52.336;Variant 1;1;Internet;General;Group 5;Resource18;task-50051;Confirmation of receipt;complete;EMPTY;0.0
case-10890;T02 Check confirmation of receipt-complete;Resource18;2012/01/10 15:23:38.942;Variant 1;1;Internet;General;Group 5;Resource18;task-51829;T02 Check confirmation of receipt;complete;EMPTY;46.606
case-10890;T04 Determine confirmation of receipt-complete;Resource18;2012/01/10 15:24:44.401;Variant 1;1;Internet;General;Group 5;Resource18;task-51831;T04 Determine confirmation of receipt;complete;Group 3;65.459
case-10890;T05 Print and send confirmation of receipt-complete;Resource18;2012/01/10 15:25:19.302;Variant 1;1;Internet;General;Group 5;Resource18;task-51832;T05 Print and send confirmation of receipt;complete;Group 2;34.901
case-10890;T06 Determine necessity of stop advice-complete;Resource18;2012/01/10 15:54:53.704;Variant 1;1;Internet;General;Group 5;Resource18;task-51830;T06 Determine necessity of stop advice;complete;Group 1;1774.402
case-10890;T10 Determine necessity to stop indication-complete;Resource18;2012/01/10 15:55:30.283;Variant 1;1;Internet;General;Group 5;Resource18;task-51855;T10 Determine necessity to stop indication;complete;Group 1;36.579
case-10918;Confirmation of receipt-complete;Resource42;2012/01/23 10:23:25.017;Variant 3;3;Internet;General;;Resource26;task-49844;Confirmation of receipt;complete;EMPTY;0.0
case-10929;T04 Determine confirmation of receipt-complete;Resource28;2012/01/16 13:17:48.717;Variant 4;4;Internet;General;Group 11;Resource28;task-50252;T04 Determine confirmation of receipt;complete;EMPTY;2410699.672
case-10929;T05 Print and send confirmation of receipt-complete;Resource28;2012/01/16 13:18:38.578;Variant 4;4;Internet;General;Group 11;Resource28;task-52548;T05 Print and send confirmation of receipt;complete;Group 2;49.861
case-10946;Confirmation of receipt-complete;Resource05;2012/01/03 10:04:36.517;Variant 1;1;Internet;General;Group 5;Resource05;task-50195;Confirmation of receipt;complete;EMPTY;0.0
case-10946;T02 Check confirmation of receipt-complete;Resource05;2012/01/03 10:05:52.122;Variant 1;1;Internet;General;Group 5;Resource05;task-51048;T02 Check confirmation of receipt;complete;Group 4;75.605
case-10946;T04 Determine confirmation of receipt-complete;Resource05;2012/01/03 10:06:40.471;Variant 1;1;Internet;General;Group 5;Resource05;task-51050;T04 Determine confirmation of receipt;complete;Group 3;48.349
case-10946;T05 Print and send confirmation of receipt-complete;Resource05;2012/01/03 10:07:09.781;Variant 1;1;Internet;General;Group 5;Resource05;task-51051;T05 Print and send confirmation of receipt;complete;Group 2;29.31
case-10946;T06 Determine necessity of stop advice-complete;Resource05;2012/01/03 10:09:42.388;Variant 1;1;Internet;General;Group 5;Resource05;task-51049;T06 Determine necessity of stop advice;complete;Group 1;152.607
case-10946;T10 Determine necessity to stop indication-complete;Resource05;2012/01/03 10:10:27.621;Variant 1;1;Internet;General;Group 5;Resource05;task-51052;T10 Determine necessity to stop indication;complete;Group 1;45.233
case-10951;Confirmation of receipt-complete;Resource13;2012/01/05 10:24:58.463;Variant 6;6;Internet;General;Group 5;Resource13;task-50217;Confirmation of receipt;complete;EMPTY;0.0
case-10951;T06 Determine necessity of stop advice-complete;Resource13;2012/01/05 10:32:39.507;Variant 6;6;Internet;General;Group 5;Resource13;task-51287;T06 Determine necessity of stop advice;complete;Group 1;461.044
case-10951;T02 Check confirmation of receipt-complete;Resource13;2012/01/05 10:33:36.161;Variant 6;6;Internet;General;Group 5;Resource13;task-51286;T02 Check confirmation of receipt;complete;EMPTY;56.654
case-10951;T04 Determine confirmation of receipt-complete;Resource13;2012/01/05 10:34:29.305;Variant 6;6;Internet;General;Group 5;Resource13;task-51289;T04 Determine confirmation of receipt;complete;EMPTY;53.144
case-10951;T05 Print and send confirmation of receipt-complete;Resource13;2012/01/05 10:36:25.145;Variant 6;6;Internet;General;Group 5;Resource13;task-51290;T05 Print and send confirmation of receipt;complete;EMPTY;115.84
case-10951;T10 Determine necessity to stop indication-complete;Resource13;2012/01/05 10:36:53.293;Variant 6;6;Internet;General;Group 5;Resource13;task-51288;T10 Determine necessity to stop indication;complete;Group 1;28.148
case-10971;Confirmation of receipt-complete;Resource13;2012/01/10 13:16:23.523;Variant 11;11;Internet;General;Group 5;Resource13;task-50227;Confirmation of receipt;complete;EMPTY;0.0
case-10971;T02 Check confirmation of receipt-complete;Resource13;2012/01/10 13:19:00.861;Variant 11;11;Internet;General;Group 5;Resource13;task-51738;T02 Check confirmation of receipt;complete;EMPTY;157.338
case-10971;T04 Determine confirmation of receipt-complete;Resource13;2012/01/10 13:21:13.637;Variant 11;11;Internet;General;Group 5;Resource13;task-51741;T04 Determine confirmation of receipt;complete;EMPTY;132.776
case-10971;T06 Determine necessity of stop advice-complete;Resource13;2012/01/10 13:21:56.885;Variant 11;11;Internet;General;Group 5;Resource13;task-51739;T06 Determine necessity of stop advice;complete;Group 1;43.248
case-10971;T05 Print and send confirmation of receipt-complete;Resource13;2012/01/10 13:23:49.193;Variant 11;11;Internet;General;Group 5;Resource13;task-51742;T05 Print and send confirmation of receipt;complete;EMPTY;112.308
case-10971;T10 Determine necessity to stop indication-complete;Resource13;2012/01/10 13:26:48.822;Variant 11;11;Internet;General;Group 5;Resource13;task-51743;T10 Determine necessity to stop indication;complete;Group 1;179.629
case-11007;Confirmation of receipt-complete;Resource05;2012/01/03 16:02:18.024;Variant 1;1;Internet;General;Group 5;Resource05;task-50273;Confirmation of receipt;complete;EMPTY;0.0
case-11007;T02 Check confirmation of receipt-complete;Resource05;2012/01/05 08:40:10.511;Variant 1;1;Internet;General;Group 5;Resource05;task-51128;T02 Check confirmation of receipt;complete;Group 4;146272.487
case-11007;T04 Determine confirmation of receipt-complete;Resource05;2012/01/05 08:45:59.214;Variant 1;1;Internet;General;Group 5;Resource05;task-51251;T04 Determine confirmation of receipt;complete;Group 3;348.703
case-11007;T05 Print and send confirmation of receipt-complete;Resource05;2012/01/05 09:49:38.861;Variant 1;1;Internet;General;Group 5;Resource05;task-51253;T05 Print and send confirmation of receipt;complete;EMPTY;3819.647
case-11007;T06 Determine necessity of stop advice-complete;Resource05;2012/01/05 09:51:36.497;Variant 1;1;Internet;General;Group 5;Resource05;task-51129;T06 Determine necessity of stop advice;complete;Group 1;117.636
case-11007;T10 Determine necessity to stop indication-complete;Resource05;2012/01/05 09:52:53.749;Variant 1;1;Internet;General;Group 5;Resource05;task-51260;T10 Determine necessity to stop indication;complete;Group 1;77.252
case-11048;Confirmation of receipt-complete;Resource05;2012/01/05 14:00:46.902;Variant 1;1;Internet;General;Group 5;Resource05;task-50486;Confirmation of receipt;complete;EMPTY;0.0
case-11048;T02 Check confirmation of receipt-complete;Resource05;2012/01/05 14:01:29.103;Variant 1;1;Internet;General;Group 5;Resource05;task-51384;T02 Check confirmation of receipt;complete;Group 4;42.201
case-11048;T04 Determine confirmation of receipt-complete;Resource05;2012/01/05 14:05:58.518;Variant 1;1;Internet;General;Group 5;Resource05;task-51386;T04 Determine confirmation of receipt;complete;Group 3;269.415
case-11048;T05 Print and send confirmation of receipt-complete;Resource05;2012/01/05 14:06:28.934;Variant 1;1;Internet;General;Group 5;Resource05;task-51388;T05 Print and send confirmation of receipt;complete;Group 2;30.416
case-11048;T06 Determine necessity of stop advice-complete;Resource05;2012/01/05 14:07:46.415;Variant 1;1;Internet;General;Group 5;Resource05;task-51385;T06 Determine necessity of stop advice;complete;Group 1;77.481
case-11048;T10 Determine necessity to stop indication-complete;Resource05;2012/01/05 14:09:51.300;Variant 1;1;Internet;General;Group 5;Resource05;task-51392;T10 Determine necessity to stop indication;complete;Group 1;124.885
case-11050;Confirmation of receipt-complete;Resource05;2012/01/17 07:29:45.807;Variant 1;1;Internet;General;Group 5;Resource05;task-50487;Confirmation of receipt;complete;EMPTY;0.0
case-11050;T02 Check confirmation of receipt-complete;Resource05;2012/01/17 07:30:21.486;Variant 1;1;Internet;General;Group 5;Resource05;task-52654;T02 Check confirmation of receipt;complete;Group 4;35.679
case-11050;T04 Determine confirmation of receipt-complete;Resource05;2012/01/17 07:31:04.679;Variant 1;1;Internet;General;Group 5;Resource05;task-52656;T04 Determine confirmation of receipt;complete;Group 3;43.193
case-11050;T05 Print and send confirmation of receipt-complete;Resource05;2012/01/17 07:31:40.568;Variant 1;1;Internet;General;Group 5;Resource05;task-52657;T05 Print and send confirmation of receipt;complete;Group 2;35.889
case-11050;T06 Determine necessity of stop advice-complete;Resource05;2012/01/17 07:32:09.582;Variant 1;1;Internet;General;Group 5;Resource05;task-52655;T06 Determine necessity of stop advice;complete;Group 1;29.014
case-11050;T10 Determine necessity to stop indication-complete;Resource05;2012/01/17 07:32:43.377;Variant 1;1;Internet;General;Group 5;Resource05;task-52658;T10 Determine necessity to stop indication;complete;Group 1;33.795
case-11053;Confirmation of receipt-complete;Resource05;2012/01/17 08:38:18.138;Variant 7;7;Internet;General;Group 5;Resource05;task-50505;Confirmation of receipt;complete;EMPTY;0.0
case-11053;T02 Check confirmation of receipt-complete;Resource05;2012/01/17 08:38:52.371;Variant 7;7;Internet;General;Group 5;Resource05;task-52692;T02 Check confirmation of receipt;complete;Group 4;34.233
case-11053;T06 Determine necessity of stop advice-complete;Resource05;2012/01/17 08:39:32.646;Variant 7;7;Internet;General;Group 5;Resource05;task-52693;T06 Determine necessity of stop advice;complete;Group 1;40.275
case-11053;T04 Determine confirmation of receipt-complete;Resource05;2012/01/17 08:40:36.442;Variant 7;7;Internet;General;Group 5;Resource05;task-52694;T04 Determine confirmation of receipt;complete;Group 3;63.796
case-11053;T05 Print and send confirmation of receipt-complete;Resource05;2012/01/17 08:42:11.053;Variant 7;7;Internet;General;Group 5;Resource05;task-52697;T05 Print and send confirmation of receipt;complete;Group 2;94.611
case-11053;T10 Determine necessity to stop indication-complete;Resource05;2012/01/17 08:44:59.677;Variant 7;7;Internet;General;Group 5;Resource05;task-52695;T10 Determine necessity to stop indication;complete;Group 1;168.624
case-11058;Confirmation of receipt-complete;Resource22;2012/01/17 09:55:10.977;Variant 6;6;Internet;General;Group 5;Resource22;task-50536;Confirmation of receipt;complete;EMPTY;0.0
case-11058;T06 Determine necessity of stop advice-complete;Resource22;2012/01/17 09:57:45.295;Variant 6;6;Internet;General;Group 5;Resource22;task-52725;T06 Determine necessity of stop advice;complete;Group 1;154.318
case-11058;T02 Check confirmation of receipt-complete;Resource22;2012/01/17 13:55:22.771;Variant 6;6;Internet;General;Group 5;Resource22;task-52724;T02 Check confirmation of receipt;complete;Group 4;14257.476
case-11058;T04 Determine confirmation of receipt-complete;Resource22;2012/01/17 13:57:00.334;Variant 6;6;Internet;General;Group 5;Resource22;task-52824;T04 Determine confirmation of receipt;complete;Group 3;97.563
case-11058;T05 Print and send confirmation of receipt-complete;Resource22;2012/01/17 13:57:39.208;Variant 6;6;Internet;General;Group 5;Resource22;task-52826;T05 Print and send confirmation of receipt;complete;Group 2;38.874
case-11058;T10 Determine necessity to stop indication-complete;Resource22;2012/01/17 13:58:38.544;Variant 6;6;Internet;General;Group 5;Resource22;task-52726;T10 Determine necessity to stop indication;complete;Group 1;59.336
case-11059;Confirmation of receipt-complete;Resource04;2012/01/11 12:55:56.776;Variant 1;1;Internet;General;Group 5;Resource04;task-50546;Confirmation of receipt;complete;EMPTY;0.0
case-11059;T02 Check confirmation of receipt-complete;Resource04;2012/01/11 12:56:33.884;Variant 1;1;Internet;General;Group 5;Resource04;task-51955;T02 Check confirmation of receipt;complete;Group 4;37.108
case-11059;T04 Determine confirmation of receipt-complete;Resource04;2012/01/11 12:57:02.860;Variant 1;1;Internet;General;Group 5;Resource04;task-51957;T04 Determine confirmation of receipt;complete;Group 3;28.976
case-11059;T05 Print and send confirmation of receipt-complete;Resource04;2012/01/11 12:57:29.891;Variant 1;1;Internet;General;Group 5;Resource04;task-51958;T05 Print and send confirmation of receipt;complete;Group 2;27.031
case-11059;T06 Determine necessity of stop advice-complete;Resource04;2012/01/17 14:44:06.677;Variant 1;1;Internet;General;Group 5;Resource04;task-51956;T06 Determine necessity of stop advice;complete;Group 1;524796.786
case-11059;T10 Determine necessity to stop indication-complete;Resource04;2012/01/17 14:44:48.567;Variant 1;1;Internet;General;Group 5;Resource04;task-52855;T10 Determine necessity to stop indication;complete;Group 1;41.89
case-11063;Confirmation of receipt-complete;Resource04;2012/01/11 16:17:53.202;Variant 1;1;Internet;General;Group 5;Resource04;task-50607;Confirmation of receipt;complete;EMPTY;0.0
case-11063;T02 Check confirmation of receipt-complete;Resource04;2012/01/11 16:18:28.394;Variant 1;1;Internet;General;Group 5;Resource04;task-51989;T02 Check confirmation of receipt;complete;Group 4;35.192
case-11063;T04 Determine confirmation of receipt-complete;Resource04;2012/01/11 16:19:13.590;Variant 1;1;Internet;General;Group 5;Resource04;task-51991;T04 Determine confirmation of receipt;complete;Group 3;45.196
case-11063;T05 Print and send confirmation of receipt-complete;Resource04;2012/01/11 16:19:43.202;Variant 1;1;Internet;General;Group 5;Resource04;task-51992;T05 Print and send confirmation of receipt;complete;Group 2;29.612
case-11063;T06 Determine necessity of stop advice-complete;Resource04;2012/01/11 16:20:14.985;Variant 1;1;Internet;General;Group 5;Resource04;task-51990;T06 Determine necessity of stop advice;complete;Group 1;31.783
case-11063;T10 Determine necessity to stop indication-complete;Resource04;2012/01/11 16:20:54.744;Variant 1;1;Internet;General;Group 5;Resource04;task-51993;T10 Determine necessity to stop indication;complete;Group 1;39.759
case-11080;Confirmation of receipt-complete;Resource14;2012/01/23 11:58:31.282;Variant 1;1;Internet;General;Group 5;Resource14;task-50658;Confirmation of receipt;complete;EMPTY;0.0
case-11080;T02 Check confirmation of receipt-complete;Resource14;2012/01/23 11:59:02.529;Variant 1;1;Internet;General;Group 5;Resource14;task-53420;T02 Check confirmation of receipt;complete;Group 4;31.247
case-11080;T04 Determine confirmation of receipt-complete;Resource14;2012/01/23 12:00:48.419;Variant 1;1;Internet;General;Group 5;Resource14;task-53422;T04 Determine confirmation of receipt;complete;Group 3;105.89
case-11080;T05 Print and send confirmation of receipt-complete;Resource14;2012/01/23 12:01:17.550;Variant 1;1;Internet;General;Group 5;Resource14;task-53423;T05 Print and send confirmation of receipt;complete;Group 2;29.131
case-11080;T06 Determine necessity of stop advice-complete;Resource14;2012/01/23 12:02:03.196;Variant 1;1;Internet;General;Group 5;Resource14;task-53421;T06 Determine necessity of stop advice;complete;Group 1;45.646
case-11080;T10 Determine necessity to stop indication-complete;Resource14;2012/01/23 12:02:37.738;Variant 1;1;Internet;General;Group 5;Resource14;task-53424;T10 Determine necessity to stop indication;complete;Group 1;34.542
case-11094;Confirmation of receipt-complete;Resource13;2012/01/15 13:22:12.557;Variant 1;1;Internet;General;Group 5;Resource13;task-50687;Confirmation of receipt;complete;EMPTY;0.0
case-11094;T02 Check confirmation of receipt-complete;Resource13;2012/01/15 13:23:36.084;Variant 1;1;Internet;General;Group 5;Resource13;task-52366;T02 Check confirmation of receipt;complete;EMPTY;83.527
case-11094;T04 Determine confirmation of receipt-complete;Resource13;2012/01/15 13:24:50.228;Variant 1;1;Internet;General;Group 5;Resource13;task-52368;T04 Determine confirmation of receipt;complete;EMPTY;74.144
case-11094;T05 Print and send confirmation of receipt-complete;Resource13;2012/01/15 13:25:55.526;Variant 1;1;Internet;General;Group 5;Resource13;task-52369;T05 Print and send confirmation of receipt;complete;EMPTY;65.298
case-11094;T06 Determine necessity of stop advice-complete;Resource13;2012/01/15 13:26:35.968;Variant 1;1;Internet;General;Group 5;Resource13;task-52367;T06 Determine necessity of stop advice;complete;Group 1;40.442
case-11094;T10 Determine necessity to stop indication-complete;Resource13;2012/01/15 13:27:11.044;Variant 1;1;Internet;General;Group 5;Resource13;task-52370;T10 Determine necessity to stop indication;complete;Group 1;35.076
case-11096;Confirmation of receipt-complete;Resource06;2012/01/13 15:43:24.396;Variant 1;1;Internet;General;Group 5;Resource06;task-51200;Confirmation of receipt;complete;EMPTY;0.0
case-11096;T02 Check confirmation of receipt-complete;Resource06;2012/01/13 15:44:18.052;Variant 1;1;Internet;General;Group 5;Resource06;task-52316;T02 Check confirmation of receipt;complete;Group 4;53.656
case-11096;T04 Determine confirmation of receipt-complete;Resource06;2012/01/13 15:45:05.357;Variant 1;1;Internet;General;Group 5;Resource06;task-52318;T04 Determine confirmation of receipt;complete;Group 3;47.305
case-11096;T05 Print and send confirmation of receipt-complete;Resource06;2012/01/13 15:45:37.394;Variant 1;1;Internet;General;Group 5;Resource06;task-52319;T05 Print and send confirmation of receipt;complete;Group 2;32.037
case-11096;T06 Determine necessity of stop advice-complete;Resource06;2012/01/13 15:46:12.274;Variant 1;1;Internet;General;Group 5;Resource06;task-52317;T06 Determine necessity of stop advice;complete;Group 1;34.88
case-11096;T10 Determine necessity to stop indication-complete;Resource06;2012/01/13 15:46:46.222;Variant 1;1;Internet;General;Group 5;Resource06;task-52320;T10 Determine necessity to stop indication;complete;Group 1;33.948
case-11115;Confirmation of receipt-complete;Resource13;2012/01/18 15:46:13.649;Variant 17;17;Internet;General;Group 5;Resource13;task-51224;Confirmation of receipt;complete;EMPTY;0.0
case-11115;T06 Determine necessity of stop advice-complete;Resource13;2012/01/18 15:46:47.535;Variant 17;17;Internet;General;Group 5;Resource13;task-53208;T06 Determine necessity of stop advice;complete;Group 1;33.886
case-11115;T02 Check confirmation of receipt-complete;Resource13;2012/01/18 15:47:30.077;Variant 17;17;Internet;General;Group 5;Resource13;task-53207;T02 Check confirmation of receipt;complete;EMPTY;42.542
case-11115;T04 Determine confirmation of receipt-complete;Resource13;2012/01/18 15:48:12.759;Variant 17;17;Internet;General;Group 5;Resource13;task-53210;T04 Determine confirmation of receipt;complete;EMPTY;42.682
case-11115;T10 Determine necessity to stop indication-complete;Resource13;2012/01/18 15:48:49.021;Variant 17;17;Internet;General;Group 5;Resource13;task-53209;T10 Determine necessity to stop indication;complete;Group 1;36.262
case-11115;T05 Print and send confirmation of receipt-complete;Resource13;2012/01/18 15:49:34.655;Variant 17;17;Internet;General;Group 5;Resource13;task-53211;T05 Print and send confirmation of receipt;complete;EMPTY;45.634
case-11129;Confirmation of receipt-complete;Resource20;2012/01/06 14:20:51.185;Variant 1;1;Internet;General;Group 2;Resource20;task-51225;Confirmation of receipt;complete;EMPTY;0.0
case-11129;T02 Check confirmation of receipt-complete;Resource20;2012/01/06 14:23:09.346;Variant 1;1;Internet;General;Group 2;Resource20;task-51491;T02 Check confirmation of receipt;complete;Group 4;138.161
case-11129;T04 Determine confirmation of receipt-complete;Resource20;2012/01/06 14:25:09.701;Variant 1;1;Internet;General;Group 2;Resource20;task-51494;T04 Determine confirmation of receipt;complete;Group 3;120.355
case-11129;T05 Print and send confirmation of receipt-complete;Resource20;2012/01/06 14:25:43.079;Variant 1;1;Internet;General;Group 2;Resource20;task-51495;T05 Print and send confirmation of receipt;complete;Group 2;33.378
case-11129;T06 Determine necessity of stop advice-complete;Resource20;2012/01/06 14:52:05.571;Variant 1;1;Internet;General;Group 2;Resource20;task-51492;T06 Determine necessity of stop advice;complete;Group 1;1582.492
case-11129;T10 Determine necessity to stop indication-complete;Resource20;2012/01/06 14:53:11.253;Variant 1;1;Internet;General;Group 2;Resource20;task-51499;T10 Determine necessity to stop indication;complete;Group 1;65.682
case-11154;Confirmation of receipt-complete;Resource06;2012/01/16 12:31:11.027;Variant 1;1;Internet;General;Group 5;Resource06;task-51254;Confirmation of receipt;complete;EMPTY;0.0
case-11154;T02 Check confirmation of receipt-complete;Resource06;2012/01/16 12:32:13.632;Variant 1;1;Internet;General;Group 5;Resource06;task-52519;T02 Check confirmation of receipt;complete;Group 4;62.605
case-11154;T04 Determine confirmation of receipt-complete;Resource06;2012/01/16 12:33:01.053;Variant 1;1;Internet;General;Group 5;Resource06;task-52521;T04 Determine confirmation of receipt;complete;Group 3;47.421
case-11154;T05 Print and send confirmation of receipt-complete;Resource06;2012/01/16 12:33:43.742;Variant 1;1;Internet;General;Group 5;Resource06;task-52522;T05 Print and send confirmation of receipt;complete;Group 2;42.689
case-11154;T06 Determine necessity of stop advice-complete;Resource06;2012/01/16 12:34:23.168;Variant 1;1;Internet;General;Group 5;Resource06;task-52520;T06 Determine necessity of stop advice;complete;Group 1;39.426
case-11154;T10 Determine necessity to stop indication-complete;Resource06;2012/01/16 12:35:08.739;Variant 1;1;Internet;General;Group 5;Resource06;task-52523;T10 Determine necessity to stop indication;complete;Group 1;45.571
case-11214;Confirmation of receipt-complete;Resource07;2012/01/10 14:41:29.553;Variant 1;1;Internet;General;Group 2;Resource07;task-51257;Confirmation of receipt;complete;EMPTY;0.0
case-11214;T02 Check confirmation of receipt-complete;Resource07;2012/01/10 14:42:09.187;Variant 1;1;Internet;General;Group 2;Resource07;task-51799;T02 Check confirmation of receipt;complete;Group 4;39.634
case-11214;T04 Determine confirmation of receipt-complete;Resource07;2012/01/10 14:42:36.740;Variant 1;1;Internet;General;Group 2;Resource07;task-51801;T04 Determine confirmation of receipt;complete;Group 3;27.553
case-11214;T05 Print and send confirmation of receipt-complete;Resource07;2012/01/10 14:43:18.047;Variant 1;1;Internet;General;Group 2;Resource07;task-51802;T05 Print and send confirmation of receipt;complete;Group 2;41.307
case-11214;T06 Determine necessity of stop advice-complete;Resource07;2012/01/10 14:48:12.062;Variant 1;1;Internet;General;Group 2;Resource07;task-51800;T06 Determine necessity of stop advice;complete;Group 1;294.015
case-11214;T10 Determine necessity to stop indication-complete;Resource07;2012/01/10 14:48:58.604;Variant 1;1;Internet;General;Group 2;Resource07;task-51803;T10 Determine necessity to stop indication;complete;Group 1;46.542
case-11268;Confirmation of receipt-complete;Resource12;2012/01/12 14:25:56.505;Variant 5;5;Internet;General;Group 5;Resource12;task-51259;Confirmation of receipt;complete;EMPTY;0.0
case-11268;T02 Check confirmation of receipt-complete;Resource12;2012/01/12 14:30:49.989;Variant 5;5;Internet;General;Group 5;Resource12;task-52136;T02 Check confirmation of receipt;complete;Group 4;293.484
case-11268;T04 Determine confirmation of receipt-complete;Resource12;2012/01/12 14:31:29.075;Variant 5;5;Internet;General;Group 5;Resource12;task-52138;T04 Determine confirmation of receipt;complete;Group 3;39.086
case-11268;T06 Determine necessity of stop advice-complete;Resource12;2012/01/12 14:34:39.302;Variant 5;5;Internet;General;Group 5;Resource12;task-52137;T06 Determine necessity of stop advice;complete;Group 1;190.227
case-11268;T10 Determine necessity to stop indication-complete;Resource12;2012/01/12 14:35:16.754;Variant 5;5;Internet;General;Group 5;Resource12;task-52141;T10 Determine necessity to stop indication;complete;Group 1;37.452
case-11268;T05 Print and send confirmation of receipt-complete;admin1;2012/01/20 13:49:57.510;Variant 5;5;Internet;General;Group 5;Resource12;task-52139;T05 Print and send confirmation of receipt;complete;Group 2;688480.756
case-11275;Confirmation of receipt-complete;Resource22;2012/01/12 14:36:54.782;Variant 1;1;Internet;General;Group 5;Resource22;task-51199;Confirmation of receipt;complete;EMPTY;0.0
case-11275;T02 Check confirmation of receipt-complete;Resource22;2012/01/12 14:37:39.465;Variant 1;1;Internet;General;Group 5;Resource22;task-52146;T02 Check confirmation of receipt;complete;Group 4;44.683
case-11275;T04 Determine confirmation of receipt-complete;Resource22;2012/01/12 14:38:52.849;Variant 1;1;Internet;General;Group 5;Resource22;task-52149;T04 Determine confirmation of receipt;complete;Group 3;73.384
case-11275;T05 Print and send confirmation of receipt-complete;Resource22;2012/01/12 14:40:39.515;Variant 1;1;Internet;General;Group 5;Resource22;task-52150;T05 Print and send confirmation of receipt;complete;Group 2;106.666
case-11275;T06 Determine necessity of stop advice-complete;Resource22;2012/01/12 14:41:22.579;Variant 1;1;Internet;General;Group 5;Resource22;task-52147;T06 Determine necessity of stop advice;complete;Group 1;43.064
case-11275;T10 Determine necessity to stop indication-complete;Resource22;2012/01/12 14:42:05.233;Variant 1;1;Internet;General;Group 5;Resource22;task-52154;T10 Determine necessity to stop indication;complete;Group 1;42.654
case-11375;Confirmation of receipt-complete;Resource12;2012/01/11 12:11:08.204;Variant 23;23;Internet;General;Group 5;Resource12;task-51896;Confirmation of receipt;complete;EMPTY;0.0
case-11375;T02 Check confirmation of receipt-complete;Resource12;2012/01/11 12:12:22.011;Variant 23;23;Internet;General;Group 5;Resource12;task-51946;T02 Check confirmation of receipt;complete;Group 4;73.807
case-11375;T04 Determine confirmation of receipt-complete;Resource12;2012/01/11 12:13:05.661;Variant 23;23;Internet;General;Group 5;Resource12;task-51948;T04 Determine confirmation of receipt;complete;Group 3;43.65
case-11375;T06 Determine necessity of stop advice-complete;Resource12;2012/01/11 12:14:22.771;Variant 23;23;Internet;General;Group 5;Resource12;task-51947;T06 Determine necessity of stop advice;complete;Group 1;77.11
case-11375;T10 Determine necessity to stop indication-complete;Resource12;2012/01/11 12:16:09.310;Variant 23;23;Internet;General;Group 5;Resource12;task-51950;T10 Determine necessity to stop indication;complete;Group 1;106.539
case-11375;T16 Report reasons to hold request-complete;Resource12;2012/01/13 07:40:31.256;Variant 23;23;Internet;General;Group 5;Resource12;task-51952;T16 Report reasons to hold request;complete;Group 1;156261.946
case-11375;T17 Check report Y to stop indication-complete;Resource12;2012/01/13 07:41:08.656;Variant 23;23;Internet;General;Group 5;Resource12;task-52236;T17 Check report Y to stop indication;complete;Group 4;37.4
case-11375;T19 Determine report Y to stop indication-complete;Resource12;2012/01/13 07:41:41.200;Variant 23;23;Internet;General;Group 5;Resource12;task-52237;T19 Determine report Y to stop indication;complete;Group 3;32.544
case-11375;T20 Print report Y to stop indication-complete;Resource12;2012/01/13 07:42:16.811;Variant 23;23;Internet;General;Group 5;Resource12;task-52238;T20 Print report Y to stop indication;complete;Group 2;35.611
case-11375;T05 Print and send confirmation of receipt-complete;Resource12;2012/01/13 08:08:42.768;Variant 23;23;Internet;General;Group 5;Resource12;task-51949;T05 Print and send confirmation of receipt;complete;Group 2;1585.957
case-11376;Confirmation of receipt-complete;Resource02;2012/01/17 07:49:54.680;Variant 1;1;Internet;General;Group 5;Resource02;task-51913;Confirmation of receipt;complete;EMPTY;0.0
case-11376;T02 Check confirmation of receipt-complete;Resource02;2012/01/17 12:00:33.584;Variant 1;1;Internet;General;Group 5;Resource02;task-52673;T02 Check confirmation of receipt;complete;Group 4;15038.904
case-11376;T04 Determine confirmation of receipt-complete;Resource02;2012/01/17 12:01:16.626;Variant 1;1;Internet;General;Group 5;Resource02;task-52785;T04 Determine confirmation of receipt;complete;Group 3;43.042
case-11376;T05 Print and send confirmation of receipt-complete;Resource02;2012/01/17 12:02:13.821;Variant 1;1;Internet;General;Group 5;Resource02;task-52786;T05 Print and send confirmation of receipt;complete;Group 2;57.195
case-11376;T06 Determine necessity of stop advice-complete;Resource02;2012/01/17 12:03:44.842;Variant 1;1;Internet;General;Group 5;Resource02;task-52674;T06 Determine necessity of stop advice;complete;Group 1;91.021
case-11376;T10 Determine necessity to stop indication-complete;Resource02;2012/01/17 12:04:35.396;Variant 1;1;Internet;General;Group 5;Resource02;task-52788;T10 Determine necessity to stop indication;complete;Group 1;50.554
case-11378;Confirmation of receipt-complete;Resource07;2012/01/17 09:02:43.992;Variant 1;1;Internet;General;Group 8;Resource11;task-51638;Confirmation of receipt;complete;EMPTY;0.0
case-11378;T02 Check confirmation of receipt-complete;Resource07;2012/01/17 09:03:25.633;Variant 1;1;Internet;General;Group 8;Resource11;task-52706;T02 Check confirmation of receipt;complete;Group 4;41.641
case-11378;T04 Determine confirmation of receipt-complete;Resource07;2012/01/17 09:04:01.485;Variant 1;1;Internet;General;Group 8;Resource11;task-52708;T04 Determine confirmation of receipt;complete;Group 3;35.852
case-11378;T05 Print and send confirmation of receipt-complete;Resource07;2012/01/17 09:04:28.414;Variant 1;1;Internet;General;Group 8;Resource11;task-52711;T05 Print and send confirmation of receipt;complete;Group 2;26.929
case-11378;T06 Determine necessity of stop advice-complete;Resource07;2012/01/17 09:05:19.033;Variant 1;1;Internet;General;Group 8;Resource11;task-52707;T06 Determine necessity of stop advice;complete;Group 1;50.619
case-11378;T10 Determine necessity to stop indication-complete;Resource07;2012/01/17 09:05:57.074;Variant 1;1;Internet;General;Group 8;Resource11;task-52712;T10 Determine necessity to stop indication;complete;Group 1;38.041
case-11380;Confirmation of receipt-complete;Resource06;2012/01/13 16:29:03.742;Variant 1;1;Internet;General;Group 5;Resource06;task-51961;Confirmation of receipt;complete;EMPTY;0.0
case-11380;T02 Check confirmation of receipt-complete;Resource06;2012/01/13 16:30:16.897;Variant 1;1;Internet;General;Group 5;Resource06;task-52337;T02 Check confirmation of receipt;complete;Group 4;73.155
case-11380;T04 Determine confirmation of receipt-complete;Resource06;2012/01/13 16:30:51.650;Variant 1;1;Internet;General;Group 5;Resource06;task-52339;T04 Determine confirmation of receipt;complete;Group 3;34.753
case-11380;T05 Print and send confirmation of receipt-complete;Resource06;2012/01/13 16:31:20.117;Variant 1;1;Internet;General;Group 5;Resource06;task-52340;T05 Print and send confirmation of receipt;complete;Group 2;28.467
case-11380;T06 Determine necessity of stop advice-complete;Resource06;2012/01/13 16:32:45.283;Variant 1;1;Internet;General;Group 5;Resource06;task-52338;T06 Determine necessity of stop advice;complete;Group 1;85.166
case-11380;T10 Determine necessity to stop indication-complete;Resource06;2012/01/13 16:33:17.201;Variant 1;1;Internet;General;Group 5;Resource06;task-52341;T10 Determine necessity to stop indication;complete;Group 1;31.918
case-11427;Confirmation of receipt-complete;Resource05;2012/01/23 14:21:35.335;Variant 1;1;Internet;General;Group 5;Resource05;task-51977;Confirmation of receipt;complete;EMPTY;0.0
case-11427;T02 Check confirmation of receipt-complete;Resource05;2012/01/23 14:22:11.094;Variant 1;1;Internet;General;Group 5;Resource05;task-53445;T02 Check confirmation of receipt;complete;Group 4;35.759
case-11427;T04 Determine confirmation of receipt-complete;Resource05;2012/01/23 14:22:47.598;Variant 1;1;Internet;General;Group 5;Resource05;task-53447;T04 Determine confirmation of receipt;complete;Group 3;36.504
case-11427;T05 Print and send confirmation of receipt-complete;Resource05;2012/01/23 14:36:04.241;Variant 1;1;Internet;General;Group 5;Resource05;task-53448;T05 Print and send confirmation of receipt;complete;Group 2;796.643
case-11427;T06 Determine necessity of stop advice-complete;Resource05;2012/01/23 14:38:16.158;Variant 1;1;Internet;General;Group 5;Resource05;task-53446;T06 Determine necessity of stop advice;complete;Group 1;131.917
case-11427;T10 Determine necessity to stop indication-complete;Resource05;2012/01/23 14:39:21.894;Variant 1;1;Internet;General;Group 5;Resource05;task-53449;T10 Determine necessity to stop indication;complete;Group 1;65.736
case-11437;Confirmation of receipt-complete;Resource05;2012/01/18 09:39:31.608;Variant 1;1;Internet;General;Group 5;Resource05;task-51998;Confirmation of receipt;complete;EMPTY;0.0
case-11437;T02 Check confirmation of receipt-complete;Resource05;2012/01/18 09:40:02.238;Variant 1;1;Internet;General;Group 5;Resource05;task-53027;T02 Check confirmation of receipt;complete;Group 4;30.63
case-11437;T04 Determine confirmation of receipt-complete;Resource05;2012/01/18 09:40:33.063;Variant 1;1;Internet;General;Group 5;Resource05;task-53029;T04 Determine confirmation of receipt;complete;Group 3;30.825
case-11437;T05 Print and send confirmation of receipt-complete;Resource05;2012/01/18 09:40:58.960;Variant 1;1;Internet;General;Group 5;Resource05;task-53030;T05 Print and send confirmation of receipt;complete;Group 2;25.897
case-11437;T06 Determine necessity of stop advice-complete;Resource05;2012/01/18 09:41:36.146;Variant 1;1;Internet;General;Group 5;Resource05;task-53028;T06 Determine necessity of stop advice;complete;Group 1;37.186
case-11437;T10 Determine necessity to stop indication-complete;Resource05;2012/01/18 09:42:22.166;Variant 1;1;Internet;General;Group 5;Resource05;task-53031;T10 Determine necessity to stop indication;complete;Group 1;46.02
case-11458;Confirmation of receipt-complete;Resource05;2012/01/23 15:39:28.185;Variant 1;1;Internet;General;Group 5;Resource05;task-52267;Confirmation of receipt;complete;EMPTY;0.0
case-11458;T02 Check confirmation of receipt-complete;Resource05;2012/01/23 15:40:01.303;Variant 1;1;Internet;General;Group 5;Resource05;task-53486;T02 Check confirmation of receipt;complete;Group 4;33.118
case-11458;T04 Determine confirmation of receipt-complete;Resource05;2012/01/23 15:40:42.753;Variant 1;1;Internet;General;Group 5;Resource05;task-53488;T04 Determine confirmation of receipt;complete;Group 3;41.45
case-11458;T05 Print and send confirmation of receipt-complete;Resource05;2012/01/23 15:41:12.424;Variant 1;1;Internet;General;Group 5;Resource05;task-53490;T05 Print and send confirmation of receipt;complete;Group 2;29.671
case-11458;T06 Determine necessity of stop advice-complete;Resource05;2012/01/23 15:42:10.417;Variant 1;1;Internet;General;Group 5;Resource05;task-53487;T06 Determine necessity of stop advice;complete;Group 1;57.993
case-11458;T10 Determine necessity to stop indication-complete;Resource05;2012/01/23 15:42:54.644;Variant 1;1;Internet;General;Group 5;Resource05;task-53491;T10 Determine necessity to stop indication;complete;Group 1;44.227
case-11460;Confirmation of receipt-complete;Resource06;2012/01/19 16:12:19.703;Variant 5;5;Desk;General;Group 5;Resource06;task-52286;Confirmation of receipt;complete;EMPTY;0.0
case-11460;T02 Check confirmation of receipt-complete;Resource06;2012/01/19 16:14:07.239;Variant 5;5;Desk;General;Group 5;Resource06;task-53275;T02 Check confirmation of receipt;complete;Group 4;107.536
case-11460;T04 Determine confirmation of receipt-complete;Resource06;2012/01/19 16:14:39.497;Variant 5;5;Desk;General;Group 5;Resource06;task-53277;T04 Determine confirmation of receipt;complete;Group 3;32.258
case-11460;T06 Determine necessity of stop advice-complete;Resource06;2012/01/19 16:15:25.469;Variant 5;5;Desk;General;Group 5;Resource06;task-53276;T06 Determine necessity of stop advice;complete;Group 1;45.972
case-11460;T10 Determine necessity to stop indication-complete;Resource06;2012/01/19 16:15:58.589;Variant 5;5;Desk;General;Group 5;Resource06;task-53279;T10 Determine necessity to stop indication;complete;Group 1;33.12
case-11460;T05 Print and send confirmation of receipt-complete;admin1;2012/01/20 13:53:13.367;Variant 5;5;Desk;General;Group 5;Resource06;task-53278;T05 Print and send confirmation of receipt;complete;Group 2;77834.778
case-11470;Confirmation of receipt-complete;Resource18;2012/01/18 09:10:47.037;Variant 1;1;Internet;General;Group 5;Resource18;task-52400;Confirmation of receipt;complete;EMPTY;0.0
case-11470;T02 Check confirmation of receipt-complete;Resource18;2012/01/18 09:13:20.508;Variant 1;1;Internet;General;Group 5;Resource18;task-53019;T02 Check confirmation of receipt;complete;EMPTY;153.471
case-11470;T04 Determine confirmation of receipt-complete;Resource18;2012/01/18 09:15:25.069;Variant 1;1;Internet;General;Group 5;Resource18;task-53022;T04 Determine confirmation of receipt;complete;EMPTY;124.561
case-11470;T05 Print and send confirmation of receipt-complete;Resource18;2012/01/18 09:17:33.202;Variant 1;1;Internet;General;Group 5;Resource18;task-53023;T05 Print and send confirmation of receipt;complete;Group 2;128.133
case-11470;T06 Determine necessity of stop advice-complete;Resource18;2012/01/18 09:24:07.559;Variant 1;1;Internet;General;Group 5;Resource18;task-53021;T06 Determine necessity of stop advice;complete;Group 1;394.357
case-11470;T10 Determine necessity to stop indication-complete;Resource18;2012/01/18 09:38:45.355;Variant 1;1;Internet;General;Group 5;Resource18;task-53024;T10 Determine necessity to stop indication;complete;Group 1;877.796
case-11473;Confirmation of receipt-complete;Resource18;2012/01/18 10:29:52.496;Variant 15;15;Internet;General;Group 5;Resource18;task-52544;Confirmation of receipt;complete;EMPTY;0.0
case-11473;T02 Check confirmation of receipt-complete;Resource18;2012/01/18 11:51:06.633;Variant 15;15;Internet;General;Group 5;Resource18;task-53085;T02 Check confirmation of receipt;complete;Group 4;4874.137
case-11473;T04 Determine confirmation of receipt-complete;Resource18;2012/01/18 11:51:41.408;Variant 15;15;Internet;General;Group 5;Resource18;task-53146;T04 Determine confirmation of receipt;complete;Group 3;34.775
case-11473;T05 Print and send confirmation of receipt-complete;Resource18;2012/01/18 11:52:44.235;Variant 15;15;Internet;General;Group 5;Resource18;task-53147;T05 Print and send confirmation of receipt;complete;Group 2;62.827
case-11481;Confirmation of receipt-complete;Resource23;2012/01/23 10:41:13.388;Variant 15;15;Internet;General;Group 5;Resource23;task-52561;Confirmation of receipt;complete;EMPTY;0.0
case-11481;T02 Check confirmation of receipt-complete;Resource23;2012/01/23 10:45:16.188;Variant 15;15;Internet;General;Group 5;Resource23;task-53400;T02 Check confirmation of receipt;complete;Group 4;242.8
case-11481;T04 Determine confirmation of receipt-complete;Resource23;2012/01/23 10:45:51.220;Variant 15;15;Internet;General;Group 5;Resource23;task-53402;T04 Determine confirmation of receipt;complete;Group 3;35.032
case-11481;T05 Print and send confirmation of receipt-complete;Resource23;2012/01/23 10:46:17.711;Variant 15;15;Internet;General;Group 5;Resource23;task-53403;T05 Print and send confirmation of receipt;complete;Group 2;26.491
case-11517;Confirmation of receipt-complete;Resource18;2012/01/17 16:54:45.106;Variant 15;15;Internet;General;Group 5;Resource06;task-52825;Confirmation of receipt;complete;EMPTY;0.0
case-11517;T02 Check confirmation of receipt-complete;Resource18;2012/01/17 16:59:56.347;Variant 15;15;Internet;General;Group 5;Resource06;task-52975;T02 Check confirmation of receipt;complete;Group 4;311.241
case-11517;T04 Determine confirmation of receipt-complete;Resource18;2012/01/17 17:01:50.545;Variant 15;15;Internet;General;Group 5;Resource06;task-52977;T04 Determine confirmation of receipt;complete;Group 3;114.198
case-11517;T05 Print and send confirmation of receipt-complete;Resource18;2012/01/17 17:02:29.572;Variant 15;15;Internet;General;Group 5;Resource06;task-52978;T05 Print and send confirmation of receipt;complete;Group 2;39.027
case-9542;Confirmation of receipt-complete;Resource09;2012/01/12 11:30:24.529;Variant 1;1;Internet;General;Group 5;Resource09;task-38847;Confirmation of receipt;complete;EMPTY;0.0
case-9542;T02 Check confirmation of receipt-complete;Resource09;2012/01/12 11:31:14.791;Variant 1;1;Internet;General;Group 5;Resource09;task-52064;T02 Check confirmation of receipt;complete;Group 4;50.262
case-9542;T04 Determine confirmation of receipt-complete;Resource09;2012/01/12 11:31:48.940;Variant 1;1;Internet;General;Group 5;Resource09;task-52066;T04 Determine confirmation of receipt;complete;Group 3;34.149
case-9542;T05 Print and send confirmation of receipt-complete;Resource09;2012/01/12 11:32:43.621;Variant 1;1;Internet;General;Group 5;Resource09;task-52067;T05 Print and send confirmation of receipt;complete;Group 2;54.681
case-9542;T06 Determine necessity of stop advice-complete;Resource09;2012/01/12 11:33:21.699;Variant 1;1;Internet;General;Group 5;Resource09;task-52065;T06 Determine necessity of stop advice;complete;Group 1;38.078
case-9542;T10 Determine necessity to stop indication-complete;Resource09;2012/01/12 11:34:28.299;Variant 1;1;Internet;General;Group 5;Resource09;task-52068;T10 Determine necessity to stop indication;complete;Group 1;66.6
